iso3,Country
AFG,Afghanistan
AGO,Angola
ALB,Albania
ARE,United Arab Emirates
ARG,Argentina
ARM,Armenia
AUS,Australia
AUT,Austria
AZE,Azerbaijan
BDI,Burundi
BEL,Belgium
BEN,Benin
BFA,Burkina Faso
BGD,Bangladesh
BGR,Bulgaria
BHR,Bahrain
BHS,Bahamas
BIH,Bosnia and Herzegovina
BLR,Belarus
BLZ,Belize
BOL,Plurinational State of Bolivia
BRA,Brazil
BRB,Barbados
BRN,Brunei Darussalam
BTN,Bhutan
BWA,Botswana
CAF,Central African Republic
CAN,Canada
CHE,Switzerland
CHL,Chile
CHN,China
CMR,Cameroon
COG,Republic of Congo
COL,Colombia
COM,Comoros
CPV,Cape Verde
CRI,Costa Rica
CUB,Cuba
CYP,Cyprus
CZE,Czech Republic
DEU,Germany
DJI,Djibouti
DNK,Denmark
DOM,Dominican Republic
DZA,Algeria
ECU,Ecuador
EGY,Egypt
ERI,Eritrea
ESP,Spain
EST,Estonia
ETH,Ethiopia
FIN,Finland
FJI,Fiji
FRA,France
GAB,Gabon
GBR,United Kingdom
GEO,Georgia
GHA,Ghana
GIN,Guinea
GMB,Gambia
GNB,Guinea-Bissau
GNQ,Equatorial Guinea
GRC,Greece
GRD,Grenada
GTM,Guatemala
GUY,Guyana
HND,Honduras
HRV,Croatia
HTI,Haiti
HUN,Hungary
IDN,Indonesia
IND,India
IRL,Ireland
IRN,Islamic Republic of Iran
IRQ,Iraq
ISL,Iceland
ISR,Israel
ITA,Italy
JAM,Jamaica
JOR,Jordan
JPN,Japan
KAZ,Kazakhstan
KEN,Kenya
KGZ,Kyrgyzstan
KHM,Cambodia
KIR,Kiribati
KOR,Republic of Korea
KWT,Kuwait
LAO,Lao Peopleâ€™s Democratic Rep.
LBN,Lebanon
LBR,Liberia
LBY,Libyan Arab Jamahiriya
LKA,Sri Lanka
LSO,Lesotho
LTU,Lithuania
LUX,Luxembourg
LVA,Latvia
MAR,Morocco
MDA,Republic of Moldova
MDG,Madagascar
MEX,Mexico
MKD,North Macedonia
MLI,Mali
MLT,Malta
MMR,Myanmar
MNG,Mongolia
MOZ,Mozambique
MRT,Mauritania
MUS,Mauritius
MWI,Malawi
MYS,Malaysia
NAM,Namibia
NER,Niger
NGA,Nigeria
NIC,Nicaragua
NLD,Netherlands
NOR,Norway
NPL,Nepal
NZL,New Zealand
OMN,Oman
PAK,Pakistan
PAN,Panama
PER,Peru
PHL,Philippines
PNG,Papua New Guinea
POL,Poland
PRT,Portugal
PRY,Paraguay
QAT,Qatar
ROU,Romania
RUS,Russian Federation
RWA,Rwanda
SAU,Saudi Arabia
SDN,Sudan
SEN,Senegal
SGP,Singapore
SLB,Solomon Islands
SLE,Sierra Leone
SLV,El Salvador
SRB,Serbia
SUR,Suriname
SVK,Slovakia
SVN,Slovenia
SWE,Sweden
SWZ,Swaziland
SYC,Seychelles
SYR,Syrian Arab Republic
TCD,Chad
TGO,Togo
THA,Thailand
TJK,Tajikistan
TKM,Turkmenistan
TLS,Timor-Leste
TON,Tonga
TTO,Trinidad and Tobago
TUN,Tunisia
TUR,Turkey
TZA,United Rep. of Tanzania
UGA,Uganda
UKR,Ukraine
URY,Uruguay
USA,United States of America
UZB,Uzbekistan
VEN,Bolivarian Rep. of Venezuela
VNM,Viet Nam
VUT,Vanuatu
YEM,Yemen
ZAF,South Africa
ZMB,Zambia
ZWE,Zimbabwe
